"Year","RecreationVisits","ID"
1979,2787366,"ACAD"
1980,2779666,"ACAD"
1981,2997972,"ACAD"
1982,3572114,"ACAD"
1983,4124639,"ACAD"
1984,3734763,"ACAD"
1985,3745570,"ACAD"
1986,3929054,"ACAD"
1987,4288154,"ACAD"
1988,4502283,"ACAD"
1989,5440952,"ACAD"
1990,2339591,"ACAD"
1991,2475857,"ACAD"
1992,2382113,"ACAD"
1993,2656034,"ACAD"
1994,2710749,"ACAD"
1995,2845378,"ACAD"
1996,2704831,"ACAD"
1997,2760306,"ACAD"
1998,2594497,"ACAD"
1999,2602227,"ACAD"
2000,2469238,"ACAD"
2001,2516551,"ACAD"
2002,2558572,"ACAD"
2003,2431062,"ACAD"
2004,2207847,"ACAD"
2005,2051484,"ACAD"
2006,2083588,"ACAD"
2007,2202228,"ACAD"
2008,2075857,"ACAD"
2009,2227698,"ACAD"
2010,2504208,"ACAD"
2011,2374645,"ACAD"
2012,2431052,"ACAD"
2013,2254922,"ACAD"
2014,2563129,"ACAD"
2015,2811184,"ACAD"
2016,3303393,"ACAD"
2017,3509271,"ACAD"
2018,3537575,"ACAD"
2019,3437286,"ACAD"
2020,2669034,"ACAD"
2021,4069098,"ACAD"
2022,3970260,"ACAD"
2023,3879890,"ACAD"
2024,3961661,"ACAD"
1979,269840,"ARCH"
1980,290519,"ARCH"
1981,326508,"ARCH"
1982,339415,"ARCH"
1983,287875,"ARCH"
1984,345180,"ARCH"
1985,363464,"ARCH"
1986,419444,"ARCH"
1987,468916,"ARCH"
1988,520455,"ARCH"
1989,555809,"ARCH"
1990,620719,"ARCH"
1991,705882,"ARCH"
1992,799831,"ARCH"
1993,773678,"ARCH"
1994,777178,"ARCH"
1995,859374,"ARCH"
1996,856016,"ARCH"
1997,858525,"ARCH"
1998,837161,"ARCH"
1999,869980,"ARCH"
2000,786429,"ARCH"
2001,754026,"ARCH"
2002,769672,"ARCH"
2003,757781,"ARCH"
2004,733131,"ARCH"
2005,781670,"ARCH"
2006,833049,"ARCH"
2007,860181,"ARCH"
2008,928795,"ARCH"
2009,996312,"ARCH"
2010,1014405,"ARCH"
2011,1040758,"ARCH"
2012,1070577,"ARCH"
2013,1082866,"ARCH"
2014,1284767,"ARCH"
2015,1399247,"ARCH"
2016,1585718,"ARCH"
2017,1539028,"ARCH"
2018,1663557,"ARCH"
2019,1659702,"ARCH"
2020,1238083,"ARCH"
2021,1806865,"ARCH"
2022,1460652,"ARCH"
2023,1482045,"ARCH"
2024,1466528,"ARCH"
1979,858000,"BADL"
1980,952652,"BADL"
1981,1175952,"BADL"
1982,1030484,"BADL"
1983,1026981,"BADL"
1984,1113675,"BADL"
1985,950242,"BADL"
1986,1025630,"BADL"
1987,1174398,"BADL"
1988,1110040,"BADL"
1989,1237956,"BADL"
1990,1326475,"BADL"
1991,1518396,"BADL"
1992,1205297,"BADL"
1993,1179458,"BADL"
1994,1130459,"BADL"
1995,1075569,"BADL"
1996,1024705,"BADL"
1997,970696,"BADL"
1998,1021049,"BADL"
1999,950453,"BADL"
2000,1105824,"BADL"
2001,955469,"BADL"
2002,908898,"BADL"
2003,871034,"BADL"
2004,936030,"BADL"
2005,909146,"BADL"
2006,840118,"BADL"
2007,886654,"BADL"
2008,845734,"BADL"
2009,933918,"BADL"
2010,977778,"BADL"
2011,870741,"BADL"
2012,883406,"BADL"
2013,892372,"BADL"
2014,868094,"BADL"
2015,989354,"BADL"
2016,996263,"BADL"
2017,1054325,"BADL"
2018,1008942,"BADL"
2019,970998,"BADL"
2020,916932,"BADL"
2021,1224226,"BADL"
2022,1006809,"BADL"
2023,1046400,"BADL"
2024,1094245,"BADL"
1979,282941,"BIBE"
1980,174008,"BIBE"
1981,167332,"BIBE"
1982,180144,"BIBE"
1983,164926,"BIBE"
1984,167665,"BIBE"
1985,188045,"BIBE"
1986,200622,"BIBE"
1987,227921,"BIBE"
1988,239595,"BIBE"
1989,281728,"BIBE"
1990,257378,"BIBE"
1991,296470,"BIBE"
1992,294535,"BIBE"
1993,327907,"BIBE"
1994,330417,"BIBE"
1995,295460,"BIBE"
1996,279454,"BIBE"
1997,305882,"BIBE"
1998,338442,"BIBE"
1999,327649,"BIBE"
2000,262320,"BIBE"
2001,328927,"BIBE"
2002,327747,"BIBE"
2003,312384,"BIBE"
2004,357723,"BIBE"
2005,398583,"BIBE"
2006,298717,"BIBE"
2007,364856,"BIBE"
2008,362512,"BIBE"
2009,363905,"BIBE"
2010,372330,"BIBE"
2011,361862,"BIBE"
2012,292055,"BIBE"
2013,316953,"BIBE"
2014,314102,"BIBE"
2015,381747,"BIBE"
2016,388290,"BIBE"
2017,440276,"BIBE"
2018,440091,"BIBE"
2019,463832,"BIBE"
2020,393907,"BIBE"
2021,581220,"BIBE"
2022,514107,"BIBE"
2023,509129,"BIBE"
2024,561458,"BIBE"
1979,202938,"BISC"
1980,248071,"BISC"
1981,305502,"BISC"
1982,348219,"BISC"
1983,369082,"BISC"
1984,340567,"BISC"
1985,460921,"BISC"
1986,578013,"BISC"
1987,607968,"BISC"
1988,531036,"BISC"
1989,589957,"BISC"
1990,573376,"BISC"
1991,488134,"BISC"
1992,307512,"BISC"
1993,19950,"BISC"
1994,25147,"BISC"
1995,584519,"BISC"
1996,338603,"BISC"
1997,392069,"BISC"
1998,403239,"BISC"
1999,442585,"BISC"
2000,393151,"BISC"
2001,489343,"BISC"
2002,513397,"BISC"
2003,490031,"BISC"
2004,478304,"BISC"
2005,563728,"BISC"
2006,608836,"BISC"
2007,517442,"BISC"
2008,686062,"BISC"
2009,437745,"BISC"
2010,467612,"BISC"
2011,476077,"BISC"
2012,495613,"BISC"
2013,486848,"BISC"
2014,525745,"BISC"
2015,508164,"BISC"
2016,514709,"BISC"
2017,446961,"BISC"
2018,469253,"BISC"
2019,708522,"BISC"
2020,402770,"BISC"
2021,705655,"BISC"
2022,701023,"BISC"
2023,571242,"BISC"
2024,512213,"BISC"
1979,234286,"BLCA"
1980,336119,"BLCA"
1981,266604,"BLCA"
1982,227428,"BLCA"
1983,291618,"BLCA"
1984,253048,"BLCA"
1985,266012,"BLCA"
1986,289117,"BLCA"
1987,285439,"BLCA"
1988,269073,"BLCA"
1989,288586,"BLCA"
1990,275323,"BLCA"
1991,316336,"BLCA"
1992,337209,"BLCA"
1993,319322,"BLCA"
1994,214194,"BLCA"
1995,221113,"BLCA"
1996,200125,"BLCA"
1997,209863,"BLCA"
1998,193451,"BLCA"
1999,200142,"BLCA"
2000,191506,"BLCA"
2001,181018,"BLCA"
2002,173687,"BLCA"
2003,167247,"BLCA"
2004,175581,"BLCA"
2005,180814,"BLCA"
2006,160450,"BLCA"
2007,219576,"BLCA"
2008,160185,"BLCA"
2009,171451,"BLCA"
2010,176344,"BLCA"
2011,168336,"BLCA"
2012,192570,"BLCA"
2013,175852,"BLCA"
2014,183045,"BLCA"
2015,209166,"BLCA"
2016,238018,"BLCA"
2017,307143,"BLCA"
2018,308962,"BLCA"
2019,432818,"BLCA"
2020,341620,"BLCA"
2021,308910,"BLCA"
2022,297257,"BLCA"
2023,357069,"BLCA"
2024,335862,"BLCA"
1979,558095,"BRCA"
1980,571541,"BRCA"
1981,474092,"BRCA"
1982,471517,"BRCA"
1983,472633,"BRCA"
1984,495104,"BRCA"
1985,500782,"BRCA"
1986,578018,"BRCA"
1987,718342,"BRCA"
1988,791348,"BRCA"
1989,808045,"BRCA"
1990,862659,"BRCA"
1991,929067,"BRCA"
1992,1018174,"BRCA"
1993,1107951,"BRCA"
1994,1028134,"BRCA"
1995,994548,"BRCA"
1996,1269600,"BRCA"
1997,1174824,"BRCA"
1998,1166331,"BRCA"
1999,1081521,"BRCA"
2000,1099275,"BRCA"
2001,1068619,"BRCA"
2002,886436,"BRCA"
2003,903760,"BRCA"
2004,987253,"BRCA"
2005,1017681,"BRCA"
2006,890676,"BRCA"
2007,1012563,"BRCA"
2008,1043321,"BRCA"
2009,1216377,"BRCA"
2010,1285492,"BRCA"
2011,1296000,"BRCA"
2012,1385352,"BRCA"
2013,1311875,"BRCA"
2014,1435741,"BRCA"
2015,1745804,"BRCA"
2016,2365110,"BRCA"
2017,2571684,"BRCA"
2018,2679478,"BRCA"
2019,2594904,"BRCA"
2020,1464655,"BRCA"
2021,2104600,"BRCA"
2022,2354660,"BRCA"
2023,2461269,"BRCA"
2024,2498075,"BRCA"
1979,74545,"CANY"
1980,56505,"CANY"
1981,89915,"CANY"
1982,97079,"CANY"
1983,100022,"CANY"
1984,102533,"CANY"
1985,116672,"CANY"
1986,172987,"CANY"
1987,172384,"CANY"
1988,212100,"CANY"
1989,257411,"CANY"
1990,276831,"CANY"
1991,339315,"CANY"
1992,395698,"CANY"
1993,434844,"CANY"
1994,429921,"CANY"
1995,448769,"CANY"
1996,447527,"CANY"
1997,432697,"CANY"
1998,436524,"CANY"
1999,446160,"CANY"
2000,401558,"CANY"
2001,368592,"CANY"
2002,367078,"CANY"
2003,386986,"CANY"
2004,371706,"CANY"
2005,393381,"CANY"
2006,392537,"CANY"
2007,417560,"CANY"
2008,436715,"CANY"
2009,436241,"CANY"
2010,435908,"CANY"
2011,473773,"CANY"
2012,452952,"CANY"
2013,462242,"CANY"
2014,542431,"CANY"
2015,634607,"CANY"
2016,776218,"CANY"
2017,742271,"CANY"
2018,739449,"CANY"
2019,733996,"CANY"
2020,493914,"CANY"
2021,911594,"CANY"
2022,779147,"CANY"
2023,800322,"CANY"
2024,818492,"CANY"
1979,288860,"CARE"
1980,342788,"CARE"
1981,397789,"CARE"
1982,289486,"CARE"
1983,331734,"CARE"
1984,296230,"CARE"
1985,320503,"CARE"
1986,383742,"CARE"
1987,428808,"CARE"
1988,469556,"CARE"
1989,515278,"CARE"
1990,562477,"CARE"
1991,618056,"CARE"
1992,675837,"CARE"
1993,610707,"CARE"
1994,605324,"CARE"
1995,648864,"CARE"
1996,678012,"CARE"
1997,625680,"CARE"
1998,656026,"CARE"
1999,680153,"CARE"
2000,612656,"CARE"
2001,527760,"CARE"
2002,525646,"CARE"
2003,535441,"CARE"
2004,549708,"CARE"
2005,550255,"CARE"
2006,511511,"CARE"
2007,554907,"CARE"
2008,604811,"CARE"
2009,617208,"CARE"
2010,662661,"CARE"
2011,668834,"CARE"
2012,673345,"CARE"
2013,663670,"CARE"
2014,786514,"CARE"
2015,941029,"CARE"
2016,1064904,"CARE"
2017,1150165,"CARE"
2018,1227627,"CARE"
2019,1226519,"CARE"
2020,981038,"CARE"
2021,1405353,"CARE"
2022,1227608,"CARE"
2023,1268861,"CARE"
2024,1422490,"CARE"
1979,721647,"CAVE"
1980,672963,"CAVE"
1981,771766,"CAVE"
1982,781963,"CAVE"
1983,712247,"CAVE"
1984,712989,"CAVE"
1985,732482,"CAVE"
1986,752552,"CAVE"
1987,781300,"CAVE"
1988,786135,"CAVE"
1989,792378,"CAVE"
1990,747016,"CAVE"
1991,679450,"CAVE"
1992,688742,"CAVE"
1993,687161,"CAVE"
1994,617087,"CAVE"
1995,588609,"CAVE"
1996,557217,"CAVE"
1997,540797,"CAVE"
1998,522076,"CAVE"
1999,514418,"CAVE"
2000,469303,"CAVE"
2001,455621,"CAVE"
2002,476259,"CAVE"
2003,457631,"CAVE"
2004,419599,"CAVE"
2005,413786,"CAVE"
2006,407367,"CAVE"
2007,409560,"CAVE"
2008,400381,"CAVE"
2009,432639,"CAVE"
2010,428524,"CAVE"
2011,365000,"CAVE"
2012,381058,"CAVE"
2013,388566,"CAVE"
2014,397309,"CAVE"
2015,445720,"CAVE"
2016,466773,"CAVE"
2017,520026,"CAVE"
2018,465912,"CAVE"
2019,440691,"CAVE"
2020,183835,"CAVE"
2021,349244,"CAVE"
2022,390932,"CAVE"
2023,394121,"CAVE"
2024,460474,"CAVE"
1979,82937,"CHIS"
1980,104574,"CHIS"
1981,87514,"CHIS"
1982,172287,"CHIS"
1983,205024,"CHIS"
1984,203411,"CHIS"
1985,164132,"CHIS"
1986,172913,"CHIS"
1987,174607,"CHIS"
1988,168592,"CHIS"
1989,152662,"CHIS"
1990,144083,"CHIS"
1991,149263,"CHIS"
1992,169181,"CHIS"
1993,184867,"CHIS"
1994,175226,"CHIS"
1995,525882,"CHIS"
1996,490715,"CHIS"
1997,488757,"CHIS"
1998,574270,"CHIS"
1999,607057,"CHIS"
2000,482571,"CHIS"
2001,520428,"CHIS"
2002,613935,"CHIS"
2003,585919,"CHIS"
2004,537716,"CHIS"
2005,434107,"CHIS"
2006,375256,"CHIS"
2007,360806,"CHIS"
2008,332177,"CHIS"
2009,348745,"CHIS"
2010,277515,"CHIS"
2011,242756,"CHIS"
2012,249594,"CHIS"
2013,212029,"CHIS"
2014,342161,"CHIS"
2015,324816,"CHIS"
2016,364807,"CHIS"
2017,383687,"CHIS"
2018,366250,"CHIS"
2019,409630,"CHIS"
2020,167290,"CHIS"
2021,319252,"CHIS"
2022,323245,"CHIS"
2023,328746,"CHIS"
2024,262581,"CHIS"
1985,12332,"CONG"
1986,16508,"CONG"
1987,20312,"CONG"
1988,26257,"CONG"
1989,25445,"CONG"
1990,23223,"CONG"
1991,30975,"CONG"
1992,40018,"CONG"
1993,54669,"CONG"
1994,67756,"CONG"
1995,67949,"CONG"
1996,62614,"CONG"
1997,70716,"CONG"
1998,93725,"CONG"
1999,82223,"CONG"
2000,95619,"CONG"
2001,119738,"CONG"
2002,101620,"CONG"
2003,107114,"CONG"
2004,126247,"CONG"
2005,84301,"CONG"
2006,134045,"CONG"
2007,115524,"CONG"
2008,104913,"CONG"
2009,122970,"CONG"
2010,121208,"CONG"
2011,120166,"CONG"
2012,109685,"CONG"
2013,120340,"CONG"
2014,120122,"CONG"
2015,87513,"CONG"
2016,143843,"CONG"
2017,159595,"CONG"
2018,145929,"CONG"
2019,159445,"CONG"
2020,119306,"CONG"
2021,215181,"CONG"
2022,204522,"CONG"
2023,250114,"CONG"
2024,242049,"CONG"
1979,410749,"CRLA"
1980,455143,"CRLA"
1981,503404,"CRLA"
1982,435589,"CRLA"
1983,379008,"CRLA"
1984,419829,"CRLA"
1985,390604,"CRLA"
1986,402789,"CRLA"
1987,460550,"CRLA"
1988,443430,"CRLA"
1989,430734,"CRLA"
1990,384941,"CRLA"
1991,456931,"CRLA"
1992,461668,"CRLA"
1993,381747,"CRLA"
1994,454215,"CRLA"
1995,496041,"CRLA"
1996,476957,"CRLA"
1997,451548,"CRLA"
1998,471865,"CRLA"
1999,417992,"CRLA"
2000,426883,"CRLA"
2001,457373,"CRLA"
2002,456620,"CRLA"
2003,479183,"CRLA"
2004,417066,"CRLA"
2005,447240,"CRLA"
2006,388972,"CRLA"
2007,468958,"CRLA"
2008,415686,"CRLA"
2009,446516,"CRLA"
2010,448319,"CRLA"
2011,423551,"CRLA"
2012,447251,"CRLA"
2013,523027,"CRLA"
2014,535508,"CRLA"
2015,614712,"CRLA"
2016,756344,"CRLA"
2017,711749,"CRLA"
2018,720659,"CRLA"
2019,704512,"CRLA"
2020,670500,"CRLA"
2021,647751,"CRLA"
2022,527259,"CRLA"
2023,559976,"CRLA"
2024,504942,"CRLA"
1979,543025,"CUVA"
1980,563300,"CUVA"
1981,596300,"CUVA"
1982,717815,"CUVA"
1983,939562,"CUVA"
1984,1018828,"CUVA"
1985,1004858,"CUVA"
1986,1042148,"CUVA"
1987,1113405,"CUVA"
1988,1229717,"CUVA"
1989,1159648,"CUVA"
1990,1200622,"CUVA"
1991,1358984,"CUVA"
1992,1430382,"CUVA"
1993,2266139,"CUVA"
1994,3266401,"CUVA"
1995,3195207,"CUVA"
1996,3455878,"CUVA"
1997,3527837,"CUVA"
1998,3467107,"CUVA"
1999,3324284,"CUVA"
2000,3324918,"CUVA"
2001,3123353,"CUVA"
2002,3217935,"CUVA"
2003,2879591,"CUVA"
2004,3306175,"CUVA"
2005,2533827,"CUVA"
2006,2468816,"CUVA"
2007,2486656,"CUVA"
2008,2828233,"CUVA"
2009,2589288,"CUVA"
2010,2492670,"CUVA"
2011,2161185,"CUVA"
2012,2299722,"CUVA"
2013,2103010,"CUVA"
2014,2189849,"CUVA"
2015,2284612,"CUVA"
2016,2423390,"CUVA"
2017,2226879,"CUVA"
2018,2096053,"CUVA"
2019,2237997,"CUVA"
2020,2755628,"CUVA"
2021,2575275,"CUVA"
2022,2913312,"CUVA"
2023,2860059,"CUVA"
2024,2912454,"CUVA"
1979,631152,"DEVA"
1980,618140,"DEVA"
1981,630402,"DEVA"
1982,679992,"DEVA"
1983,635582,"DEVA"
1984,621197,"DEVA"
1985,576679,"DEVA"
1986,586668,"DEVA"
1987,665345,"DEVA"
1988,692267,"DEVA"
1989,664449,"DEVA"
1990,690965,"DEVA"
1991,743608,"DEVA"
1992,869183,"DEVA"
1993,998474,"DEVA"
1994,971487,"DEVA"
1995,1109421,"DEVA"
1996,1189215,"DEVA"
1997,1188212,"DEVA"
1998,1177746,"DEVA"
1999,1227583,"DEVA"
2000,1179094,"DEVA"
2001,1014636,"DEVA"
2002,897596,"DEVA"
2003,890375,"DEVA"
2004,764820,"DEVA"
2005,800113,"DEVA"
2006,744440,"DEVA"
2007,704122,"DEVA"
2008,871938,"DEVA"
2009,828574,"DEVA"
2010,984775,"DEVA"
2011,946867,"DEVA"
2012,984568,"DEVA"
2013,951972,"DEVA"
2014,1101312,"DEVA"
2015,1154843,"DEVA"
2016,1296283,"DEVA"
2017,1294827,"DEVA"
2018,1678660,"DEVA"
2019,1740945,"DEVA"
2020,820023,"DEVA"
2021,1146551,"DEVA"
2022,1128862,"DEVA"
2023,1099632,"DEVA"
2024,1440484,"DEVA"
1979,251105,"DENA"
1980,216361,"DENA"
1981,256593,"DENA"
1982,321868,"DENA"
1983,346082,"DENA"
1984,395099,"DENA"
1985,436545,"DENA"
1986,529749,"DENA"
1987,575013,"DENA"
1988,592431,"DENA"
1989,543640,"DENA"
1990,546693,"DENA"
1991,558870,"DENA"
1992,503674,"DENA"
1993,505565,"DENA"
1994,490311,"DENA"
1995,543309,"DENA"
1996,341385,"DENA"
1997,354278,"DENA"
1998,372519,"DENA"
1999,386867,"DENA"
2000,363983,"DENA"
2001,360191,"DENA"
2002,311335,"DENA"
2003,360189,"DENA"
2004,404236,"DENA"
2005,403520,"DENA"
2006,415935,"DENA"
2007,458308,"DENA"
2008,432309,"DENA"
2009,358041,"DENA"
2010,378855,"DENA"
2011,406582,"DENA"
2012,388433,"DENA"
2013,530922,"DENA"
2014,531315,"DENA"
2015,560757,"DENA"
2016,587412,"DENA"
2017,642809,"DENA"
2018,594660,"DENA"
2019,601152,"DENA"
2020,54850,"DENA"
2021,229521,"DENA"
2022,427562,"DENA"
2023,498722,"DENA"
2024,466227,"DENA"
1979,9076,"DRTO"
1980,8644,"DRTO"
1981,10150,"DRTO"
1982,10700,"DRTO"
1983,11004,"DRTO"
1984,11900,"DRTO"
1985,13213,"DRTO"
1986,15379,"DRTO"
1987,16315,"DRTO"
1988,16937,"DRTO"
1989,19441,"DRTO"
1990,19402,"DRTO"
1991,18231,"DRTO"
1992,21581,"DRTO"
1993,24020,"DRTO"
1994,16736,"DRTO"
1995,32870,"DRTO"
1996,35127,"DRTO"
1997,47224,"DRTO"
1998,60136,"DRTO"
1999,74186,"DRTO"
2000,83704,"DRTO"
2001,79186,"DRTO"
2002,79582,"DRTO"
2003,74741,"DRTO"
2004,67917,"DRTO"
2005,61765,"DRTO"
2006,64122,"DRTO"
2007,60895,"DRTO"
2008,63947,"DRTO"
2009,52011,"DRTO"
2010,53890,"DRTO"
2011,75171,"DRTO"
2012,60550,"DRTO"
2013,58401,"DRTO"
2014,64865,"DRTO"
2015,70862,"DRTO"
2016,73661,"DRTO"
2017,54281,"DRTO"
2018,56810,"DRTO"
2019,79200,"DRTO"
2020,48543,"DRTO"
2021,83817,"DRTO"
2022,78488,"DRTO"
2023,84285,"DRTO"
2024,84873,"DRTO"
1979,718102,"EVER"
1980,744244,"EVER"
1981,564721,"EVER"
1982,550168,"EVER"
1983,577439,"EVER"
1984,628658,"EVER"
1985,697646,"EVER"
1986,739072,"EVER"
1987,787493,"EVER"
1988,1026188,"EVER"
1989,913372,"EVER"
1990,957925,"EVER"
1991,1292014,"EVER"
1992,1025686,"EVER"
1993,973706,"EVER"
1994,886455,"EVER"
1995,820466,"EVER"
1996,890167,"EVER"
1997,989532,"EVER"
1998,1118215,"EVER"
1999,1073982,"EVER"
2000,995390,"EVER"
2001,1049851,"EVER"
2002,968909,"EVER"
2003,1040648,"EVER"
2004,1181355,"EVER"
2005,1233837,"EVER"
2006,954022,"EVER"
2007,1074764,"EVER"
2008,822118,"EVER"
2009,900882,"EVER"
2010,915538,"EVER"
2011,934351,"EVER"
2012,1141906,"EVER"
2013,1047116,"EVER"
2014,1110901,"EVER"
2015,1077427,"EVER"
2016,930907,"EVER"
2017,1018557,"EVER"
2018,597124,"EVER"
2019,1118300,"EVER"
2020,702319,"EVER"
2021,942130,"EVER"
2022,1155193,"EVER"
2023,810189,"EVER"
2024,741983,"EVER"
1982,1381,"GAAR"
1983,2138,"GAAR"
1984,2440,"GAAR"
1985,1381,"GAAR"
1986,2801,"GAAR"
1987,1060,"GAAR"
1988,1258,"GAAR"
1989,822,"GAAR"
1990,1010,"GAAR"
1991,1154,"GAAR"
1992,2116,"GAAR"
1993,2245,"GAAR"
1994,1726,"GAAR"
1995,7074,"GAAR"
1996,6448,"GAAR"
1997,6949,"GAAR"
1998,8266,"GAAR"
1999,8166,"GAAR"
2000,11278,"GAAR"
2001,4505,"GAAR"
2002,6648,"GAAR"
2003,5075,"GAAR"
2004,10282,"GAAR"
2005,9459,"GAAR"
2006,9982,"GAAR"
2007,10942,"GAAR"
2008,11397,"GAAR"
2009,9975,"GAAR"
2010,10840,"GAAR"
2011,11623,"GAAR"
2012,10899,"GAAR"
2013,11012,"GAAR"
2014,12669,"GAAR"
2015,10745,"GAAR"
2016,10047,"GAAR"
2017,11177,"GAAR"
2018,9591,"GAAR"
2019,10518,"GAAR"
2020,2872,"GAAR"
2021,7362,"GAAR"
2022,9457,"GAAR"
2023,11045,"GAAR"
2024,11907,"GAAR"
1979,1859431,"JEFF"
1980,1928825,"JEFF"
1981,2282261,"JEFF"
1982,2967323,"JEFF"
1983,2948022,"JEFF"
1984,1709993,"JEFF"
1985,2140316,"JEFF"
1986,2311147,"JEFF"
1987,2364694,"JEFF"
1988,2477458,"JEFF"
1989,2518712,"JEFF"
1990,2382612,"JEFF"
1991,2622425,"JEFF"
1992,2415514,"JEFF"
1993,2539740,"JEFF"
1994,2553696,"JEFF"
1995,3234977,"JEFF"
1996,3649308,"JEFF"
1997,3420076,"JEFF"
1998,3420352,"JEFF"
1999,3481042,"JEFF"
2000,3458956,"JEFF"
2001,3532524,"JEFF"
2002,3333454,"JEFF"
2003,2685219,"JEFF"
2004,2779350,"JEFF"
2005,2944976,"JEFF"
2006,2572072,"JEFF"
2007,2385387,"JEFF"
2008,1954810,"JEFF"
2009,2360109,"JEFF"
2010,2436110,"JEFF"
2011,2259020,"JEFF"
2012,2496726,"JEFF"
2013,2377258,"JEFF"
2014,1817091,"JEFF"
2015,1698656,"JEFF"
2016,1271855,"JEFF"
2017,1398188,"JEFF"
2018,2016180,"JEFF"
2019,2055309,"JEFF"
2020,486021,"JEFF"
2021,1145081,"JEFF"
2022,1618774,"JEFF"
2023,2422836,"JEFF"
2024,2563052,"JEFF"
1979,91032,"GLBA"
1980,95005,"GLBA"
1981,85071,"GLBA"
1982,90354,"GLBA"
1983,92057,"GLBA"
1984,108297,"GLBA"
1985,130943,"GLBA"
1986,136877,"GLBA"
1987,130926,"GLBA"
1988,148756,"GLBA"
1989,150270,"GLBA"
1990,186427,"GLBA"
1991,203653,"GLBA"
1992,211424,"GLBA"
1993,242276,"GLBA"
1994,250614,"GLBA"
1995,252265,"GLBA"
1996,304374,"GLBA"
1997,347046,"GLBA"
1998,403512,"GLBA"
1999,442607,"GLBA"
2000,384684,"GLBA"
2001,380114,"GLBA"
2002,408143,"GLBA"
2003,366319,"GLBA"
2004,353686,"GLBA"
2005,359829,"GLBA"
2006,413382,"GLBA"
2007,438211,"GLBA"
2008,418911,"GLBA"
2009,438361,"GLBA"
2010,444530,"GLBA"
2011,431986,"GLBA"
2012,454337,"GLBA"
2013,500590,"GLBA"
2014,500727,"GLBA"
2015,551353,"GLBA"
2016,520171,"GLBA"
2017,547057,"GLBA"
2018,597915,"GLBA"
2019,672087,"GLBA"
2020,5748,"GLBA"
2021,89768,"GLBA"
2022,545758,"GLBA"
2023,703659,"GLBA"
2024,736282,"GLBA"
1979,1446086,"GLAC"
1980,1474578,"GLAC"
1981,1786523,"GLAC"
1982,1666114,"GLAC"
1983,2203847,"GLAC"
1984,1946703,"GLAC"
1985,1603011,"GLAC"
1986,1579151,"GLAC"
1987,1660737,"GLAC"
1988,1817733,"GLAC"
1989,1821523,"GLAC"
1990,1986737,"GLAC"
1991,2096966,"GLAC"
1992,2199767,"GLAC"
1993,2141704,"GLAC"
1994,2152989,"GLAC"
1995,1839518,"GLAC"
1996,1720805,"GLAC"
1997,1708856,"GLAC"
1998,1830944,"GLAC"
1999,1684604,"GLAC"
2000,1728693,"GLAC"
2001,1680614,"GLAC"
2002,1905689,"GLAC"
2003,1664046,"GLAC"
2004,2033933,"GLAC"
2005,1925101,"GLAC"
2006,1964399,"GLAC"
2007,2083329,"GLAC"
2008,1808027,"GLAC"
2009,2031348,"GLAC"
2010,2200048,"GLAC"
2011,1853564,"GLAC"
2012,2162035,"GLAC"
2013,2190374,"GLAC"
2014,2338528,"GLAC"
2015,2366056,"GLAC"
2016,2946681,"GLAC"
2017,3305512,"GLAC"
2018,2965309,"GLAC"
2019,3049839,"GLAC"
2020,1698864,"GLAC"
2021,3081656,"GLAC"
2022,2908458,"GLAC"
2023,2933616,"GLAC"
2024,3208755,"GLAC"
1979,2131716,"GRCA"
1980,2304973,"GRCA"
1981,2472270,"GRCA"
1982,2293127,"GRCA"
1983,2248082,"GRCA"
1984,2173584,"GRCA"
1985,2711529,"GRCA"
1986,3035787,"GRCA"
1987,3513030,"GRCA"
1988,3859886,"GRCA"
1989,3966209,"GRCA"
1990,3776685,"GRCA"
1991,3886031,"GRCA"
1992,4203545,"GRCA"
1993,4575602,"GRCA"
1994,4364316,"GRCA"
1995,4557645,"GRCA"
1996,4537703,"GRCA"
1997,4791668,"GRCA"
1998,4239682,"GRCA"
1999,4575124,"GRCA"
2000,4460228,"GRCA"
2001,4104809,"GRCA"
2002,4001974,"GRCA"
2003,4124900,"GRCA"
2004,4326234,"GRCA"
2005,4401522,"GRCA"
2006,4279439,"GRCA"
2007,4413668,"GRCA"
2008,4425314,"GRCA"
2009,4348068,"GRCA"
2010,4388386,"GRCA"
2011,4298178,"GRCA"
2012,4421352,"GRCA"
2013,4564840,"GRCA"
2014,4756771,"GRCA"
2015,5520736,"GRCA"
2016,5969811,"GRCA"
2017,6254238,"GRCA"
2018,6380495,"GRCA"
2019,5974411,"GRCA"
2020,2897098,"GRCA"
2021,4532677,"GRCA"
2022,4732101,"GRCA"
2023,4733705,"GRCA"
2024,4919163,"GRCA"
1979,2446171,"GRTE"
1980,2555627,"GRTE"
1981,2643644,"GRTE"
1982,2534029,"GRTE"
1983,1532035,"GRTE"
1984,1360898,"GRTE"
1985,1334483,"GRTE"
1986,1306322,"GRTE"
1987,1450791,"GRTE"
1988,1232691,"GRTE"
1989,1331659,"GRTE"
1990,1588253,"GRTE"
1991,1625752,"GRTE"
1992,1744636,"GRTE"
1993,2568689,"GRTE"
1994,2540699,"GRTE"
1995,2731015,"GRTE"
1996,2733439,"GRTE"
1997,2658762,"GRTE"
1998,2757060,"GRTE"
1999,2680025,"GRTE"
2000,2590624,"GRTE"
2001,2535108,"GRTE"
2002,2612629,"GRTE"
2003,2355693,"GRTE"
2004,2360373,"GRTE"
2005,2463442,"GRTE"
2006,2406476,"GRTE"
2007,2588574,"GRTE"
2008,2485987,"GRTE"
2009,2580081,"GRTE"
2010,2669374,"GRTE"
2011,2587437,"GRTE"
2012,2705256,"GRTE"
2013,2688794,"GRTE"
2014,2791392,"GRTE"
2015,3149921,"GRTE"
2016,3270076,"GRTE"
2017,3317000,"GRTE"
2018,3491151,"GRTE"
2019,3405614,"GRTE"
2020,3289638,"GRTE"
2021,3885230,"GRTE"
2022,2806223,"GRTE"
2023,3417106,"GRTE"
2024,3628222,"GRTE"
1979,29947,"GRBA"
1980,33383,"GRBA"
1981,33367,"GRBA"
1982,32264,"GRBA"
1983,30335,"GRBA"
1984,37676,"GRBA"
1985,36343,"GRBA"
1986,40359,"GRBA"
1987,63532,"GRBA"
1988,73559,"GRBA"
1989,70259,"GRBA"
1990,65026,"GRBA"
1991,63864,"GRBA"
1992,69144,"GRBA"
1993,91915,"GRBA"
1994,88024,"GRBA"
1995,87829,"GRBA"
1996,86635,"GRBA"
1997,90760,"GRBA"
1998,80363,"GRBA"
1999,90119,"GRBA"
2000,81045,"GRBA"
2001,81712,"GRBA"
2002,85777,"GRBA"
2003,87020,"GRBA"
2004,79879,"GRBA"
2005,77741,"GRBA"
2006,78524,"GRBA"
2007,81364,"GRBA"
2008,69235,"GRBA"
2009,84974,"GRBA"
2010,88870,"GRBA"
2011,91451,"GRBA"
2012,94850,"GRBA"
2013,92893,"GRBA"
2014,107526,"GRBA"
2015,116123,"GRBA"
2016,144846,"GRBA"
2017,168028,"GRBA"
2018,153094,"GRBA"
2019,131802,"GRBA"
2020,120248,"GRBA"
2021,144875,"GRBA"
2022,142115,"GRBA"
2023,143265,"GRBA"
2024,152068,"GRBA"
1979,162546,"GRSA"
1980,142427,"GRSA"
1981,172505,"GRSA"
1982,175273,"GRSA"
1983,150177,"GRSA"
1984,141833,"GRSA"
1985,182713,"GRSA"
1986,221449,"GRSA"
1987,225937,"GRSA"
1988,274286,"GRSA"
1989,266321,"GRSA"
1990,272136,"GRSA"
1991,295070,"GRSA"
1992,290654,"GRSA"
1993,294282,"GRSA"
1994,312225,"GRSA"
1995,323663,"GRSA"
1996,309283,"GRSA"
1997,309855,"GRSA"
1998,279768,"GRSA"
1999,286745,"GRSA"
2000,260789,"GRSA"
2001,277523,"GRSA"
2002,234776,"GRSA"
2003,251375,"GRSA"
2004,267204,"GRSA"
2005,279589,"GRSA"
2006,258660,"GRSA"
2007,285121,"GRSA"
2008,273903,"GRSA"
2009,289955,"GRSA"
2010,283284,"GRSA"
2011,280058,"GRSA"
2012,254674,"GRSA"
2013,242841,"GRSA"
2014,271774,"GRSA"
2015,299513,"GRSA"
2016,388308,"GRSA"
2017,486935,"GRSA"
2018,442905,"GRSA"
2019,527546,"GRSA"
2020,461532,"GRSA"
2021,602613,"GRSA"
2022,493428,"GRSA"
2023,512219,"GRSA"
2024,437661,"GRSA"
1979,8019788,"GRSM"
1980,8440953,"GRSM"
1981,8312884,"GRSM"
1982,8177869,"GRSM"
1983,8435475,"GRSM"
1984,8508390,"GRSM"
1985,9319290,"GRSM"
1986,9836306,"GRSM"
1987,10209841,"GRSM"
1988,8770781,"GRSM"
1989,8333553,"GRSM"
1990,8151769,"GRSM"
1991,8654459,"GRSM"
1992,8931690,"GRSM"
1993,9283848,"GRSM"
1994,8628174,"GRSM"
1995,9080420,"GRSM"
1996,9265667,"GRSM"
1997,9965075,"GRSM"
1998,9989395,"GRSM"
1999,10283598,"GRSM"
2000,10175812,"GRSM"
2001,9197697,"GRSM"
2002,9316420,"GRSM"
2003,9366845,"GRSM"
2004,9167046,"GRSM"
2005,9192477,"GRSM"
2006,9289215,"GRSM"
2007,9372253,"GRSM"
2008,9044010,"GRSM"
2009,9491437,"GRSM"
2010,9463538,"GRSM"
2011,9008830,"GRSM"
2012,9685829,"GRSM"
2013,9354695,"GRSM"
2014,10099276,"GRSM"
2015,10712674,"GRSM"
2016,11312786,"GRSM"
2017,11338893,"GRSM"
2018,11421200,"GRSM"
2019,12547743,"GRSM"
2020,12095720,"GRSM"
2021,14161548,"GRSM"
2022,12937633,"GRSM"
2023,13297647,"GRSM"
2024,12191834,"GRSM"
1979,110478,"GUMO"
1980,113825,"GUMO"
1981,142641,"GUMO"
1982,140620,"GUMO"
1983,142736,"GUMO"
1984,151862,"GUMO"
1985,147758,"GUMO"
1986,163313,"GUMO"
1987,156344,"GUMO"
1988,178910,"GUMO"
1989,168872,"GUMO"
1990,192890,"GUMO"
1991,200398,"GUMO"
1992,175120,"GUMO"
1993,201054,"GUMO"
1994,203520,"GUMO"
1995,208972,"GUMO"
1996,223485,"GUMO"
1997,231980,"GUMO"
1998,227924,"GUMO"
1999,219591,"GUMO"
2000,198762,"GUMO"
2001,222307,"GUMO"
2002,202911,"GUMO"
2003,181357,"GUMO"
2004,182351,"GUMO"
2005,170383,"GUMO"
2006,174157,"GUMO"
2007,165110,"GUMO"
2008,163709,"GUMO"
2009,198882,"GUMO"
2010,192210,"GUMO"
2011,152546,"GUMO"
2012,159360,"GUMO"
2013,145670,"GUMO"
2014,166868,"GUMO"
2015,169535,"GUMO"
2016,181839,"GUMO"
2017,225257,"GUMO"
2018,172347,"GUMO"
2019,188833,"GUMO"
2020,151256,"GUMO"
2021,243291,"GUMO"
2022,219987,"GUMO"
2023,227340,"GUMO"
2024,226134,"GUMO"
1979,673955,"HALE"
1980,560238,"HALE"
1981,631684,"HALE"
1982,771762,"HALE"
1983,864289,"HALE"
1984,1003821,"HALE"
1985,1194651,"HALE"
1986,1281219,"HALE"
1987,1333900,"HALE"
1988,1314683,"HALE"
1989,1367761,"HALE"
1990,1260601,"HALE"
1991,1228332,"HALE"
1992,1183124,"HALE"
1993,1317433,"HALE"
1994,1527329,"HALE"
1995,1594596,"HALE"
1996,1553344,"HALE"
1997,1673561,"HALE"
1998,1476842,"HALE"
1999,1963187,"HALE"
2000,1620083,"HALE"
2001,1410974,"HALE"
2002,1521080,"HALE"
2003,1444668,"HALE"
2004,1455477,"HALE"
2005,1474681,"HALE"
2006,1426068,"HALE"
2007,1322817,"HALE"
2008,1185068,"HALE"
2009,1109104,"HALE"
2010,1105606,"HALE"
2011,956989,"HALE"
2012,1094668,"HALE"
2013,785300,"HALE"
2014,1142040,"HALE"
2015,1216772,"HALE"
2016,1263558,"HALE"
2017,1112390,"HALE"
2018,1044084,"HALE"
2019,994394,"HALE"
2020,319147,"HALE"
2021,853181,"HALE"
2022,1087616,"HALE"
2023,791292,"HALE"
2024,732477,"HALE"
1979,1632589,"HAVO"
1980,1692338,"HAVO"
1981,1931852,"HAVO"
1982,1995397,"HAVO"
1983,2247974,"HAVO"
1984,2008608,"HAVO"
1985,816652,"HAVO"
1986,898023,"HAVO"
1987,1006058,"HAVO"
1988,983007,"HAVO"
1989,1056188,"HAVO"
1990,1096816,"HAVO"
1991,1238653,"HAVO"
1992,1151661,"HAVO"
1993,1143741,"HAVO"
1994,1174289,"HAVO"
1995,1175028,"HAVO"
1996,1231557,"HAVO"
1997,1832087,"HAVO"
1998,1352373,"HAVO"
1999,1502855,"HAVO"
2000,1514636,"HAVO"
2001,1343286,"HAVO"
2002,1110998,"HAVO"
2003,1122524,"HAVO"
2004,1307391,"HAVO"
2005,1661196,"HAVO"
2006,1612246,"HAVO"
2007,1467779,"HAVO"
2008,1270538,"HAVO"
2009,1233105,"HAVO"
2010,1304667,"HAVO"
2011,1352123,"HAVO"
2012,1483928,"HAVO"
2013,1583209,"HAVO"
2014,1693005,"HAVO"
2015,1832660,"HAVO"
2016,1887580,"HAVO"
2017,2016702,"HAVO"
2018,1116891,"HAVO"
2019,1368376,"HAVO"
2020,589775,"HAVO"
2021,1262747,"HAVO"
2022,1580961,"HAVO"
2023,1620294,"HAVO"
2024,1433593,"HAVO"
1979,1118800,"HOSP"
1980,1160588,"HOSP"
1981,1177911,"HOSP"
1982,1015580,"HOSP"
1983,1160008,"HOSP"
1984,1071853,"HOSP"
1985,1112764,"HOSP"
1986,1175170,"HOSP"
1987,1101242,"HOSP"
1988,1185772,"HOSP"
1989,1272771,"HOSP"
1990,1123175,"HOSP"
1991,1203929,"HOSP"
1992,1504013,"HOSP"
1993,1477299,"HOSP"
1994,1618847,"HOSP"
1995,1617077,"HOSP"
1996,1538105,"HOSP"
1997,1509596,"HOSP"
1998,1495993,"HOSP"
1999,1384469,"HOSP"
2000,1338156,"HOSP"
2001,1296786,"HOSP"
2002,1440227,"HOSP"
2003,1561311,"HOSP"
2004,1418735,"HOSP"
2005,1340160,"HOSP"
2006,1273456,"HOSP"
2007,1300152,"HOSP"
2008,1238147,"HOSP"
2009,1284707,"HOSP"
2010,1311807,"HOSP"
2011,1396354,"HOSP"
2012,1302505,"HOSP"
2013,1325719,"HOSP"
2014,1424484,"HOSP"
2015,1418162,"HOSP"
2016,1544300,"HOSP"
2017,1561616,"HOSP"
2018,1506887,"HOSP"
2019,1467153,"HOSP"
2020,1348215,"HOSP"
2021,2162884,"HOSP"
2022,2646133,"HOSP"
2023,2502967,"HOSP"
2024,2461812,"HOSP"
1979,1606166,"INDU"
1980,1222874,"INDU"
1981,1023436,"INDU"
1982,1066573,"INDU"
1983,1510630,"INDU"
1984,1560428,"INDU"
1985,1800326,"INDU"
1986,1676583,"INDU"
1987,1576238,"INDU"
1988,1885376,"INDU"
1989,1791902,"INDU"
1990,1919901,"INDU"
1991,2058801,"INDU"
1992,1973098,"INDU"
1993,1763094,"INDU"
1994,1699958,"INDU"
1995,1696488,"INDU"
1996,1526166,"INDU"
1997,1483782,"INDU"
1998,2108789,"INDU"
1999,1748047,"INDU"
2000,1820228,"INDU"
2001,1735404,"INDU"
2002,1989941,"INDU"
2003,1953449,"INDU"
2004,1810330,"INDU"
2005,2127336,"INDU"
2006,1938132,"INDU"
2007,1972344,"INDU"
2008,1833596,"INDU"
2009,1944568,"INDU"
2010,2150345,"INDU"
2011,1840513,"INDU"
2012,1889381,"INDU"
2013,1681695,"INDU"
2014,1553372,"INDU"
2015,1640195,"INDU"
2016,1698223,"INDU"
2017,2158471,"INDU"
2018,1756079,"INDU"
2019,2134285,"INDU"
2020,2293106,"INDU"
2021,3177210,"INDU"
2022,2834180,"INDU"
2023,2765892,"INDU"
2024,2705209,"INDU"
1979,14782,"ISRO"
1980,14977,"ISRO"
1981,14558,"ISRO"
1982,13238,"ISRO"
1983,12928,"ISRO"
1984,11814,"ISRO"
1985,16775,"ISRO"
1986,26122,"ISRO"
1987,31760,"ISRO"
1988,26593,"ISRO"
1989,27133,"ISRO"
1990,23495,"ISRO"
1991,22004,"ISRO"
1992,22728,"ISRO"
1993,21983,"ISRO"
1994,24843,"ISRO"
1995,23470,"ISRO"
1996,23445,"ISRO"
1997,21381,"ISRO"
1998,23932,"ISRO"
1999,23493,"ISRO"
2000,21096,"ISRO"
2001,19431,"ISRO"
2002,19463,"ISRO"
2003,17800,"ISRO"
2004,17276,"ISRO"
2005,17398,"ISRO"
2006,17070,"ISRO"
2007,15973,"ISRO"
2008,14038,"ISRO"
2009,14653,"ISRO"
2010,15793,"ISRO"
2011,15892,"ISRO"
2012,16663,"ISRO"
2013,16274,"ISRO"
2014,14560,"ISRO"
2015,18684,"ISRO"
2016,24966,"ISRO"
2017,28196,"ISRO"
2018,25798,"ISRO"
2019,26410,"ISRO"
2020,6493,"ISRO"
2021,25844,"ISRO"
2022,25454,"ISRO"
2023,28965,"ISRO"
2024,28806,"ISRO"
1979,590543,"JOTR"
1980,545357,"JOTR"
1981,612966,"JOTR"
1982,673201,"JOTR"
1983,671426,"JOTR"
1984,663798,"JOTR"
1985,641172,"JOTR"
1986,783224,"JOTR"
1987,830085,"JOTR"
1988,955246,"JOTR"
1989,990214,"JOTR"
1990,1022396,"JOTR"
1991,1145458,"JOTR"
1992,1220539,"JOTR"
1993,1252401,"JOTR"
1994,1184871,"JOTR"
1995,1235702,"JOTR"
1996,1095046,"JOTR"
1997,1226273,"JOTR"
1998,1410312,"JOTR"
1999,1316340,"JOTR"
2000,1233935,"JOTR"
2001,1280917,"JOTR"
2002,1178376,"JOTR"
2003,1283346,"JOTR"
2004,1243659,"JOTR"
2005,1375111,"JOTR"
2006,1256421,"JOTR"
2007,1298979,"JOTR"
2008,1392446,"JOTR"
2009,1304471,"JOTR"
2010,1434976,"JOTR"
2011,1396237,"JOTR"
2012,1396117,"JOTR"
2013,1383340,"JOTR"
2014,1589904,"JOTR"
2015,2025756,"JOTR"
2016,2505286,"JOTR"
2017,2853619,"JOTR"
2018,2942382,"JOTR"
2019,2988547,"JOTR"
2020,2399542,"JOTR"
2021,3064400,"JOTR"
2022,3058294,"JOTR"
2023,3270404,"JOTR"
2024,2991874,"JOTR"
1979,10659,"KATM"
1980,11824,"KATM"
1981,13115,"KATM"
1982,14377,"KATM"
1983,11182,"KATM"
1984,20074,"KATM"
1985,25142,"KATM"
1986,41663,"KATM"
1987,38212,"KATM"
1988,45710,"KATM"
1989,40247,"KATM"
1990,40778,"KATM"
1991,41417,"KATM"
1992,46196,"KATM"
1993,53421,"KATM"
1994,55728,"KATM"
1995,0,"KATM"
1997,18802,"KATM"
1998,45470,"KATM"
1999,51399,"KATM"
2000,71389,"KATM"
2001,67038,"KATM"
2002,59025,"KATM"
2003,51589,"KATM"
2004,56787,"KATM"
2005,54274,"KATM"
2006,68630,"KATM"
2007,82634,"KATM"
2008,7970,"KATM"
2009,43035,"KATM"
2010,55172,"KATM"
2011,48939,"KATM"
2012,39818,"KATM"
2013,28966,"KATM"
2014,30896,"KATM"
2015,37818,"KATM"
2016,37818,"KATM"
2017,37818,"KATM"
2018,37818,"KATM"
2019,84167,"KATM"
2020,51511,"KATM"
2021,24764,"KATM"
2022,33908,"KATM"
2023,33763,"KATM"
2024,36230,"KATM"
1982,16118,"KEFJ"
1983,24048,"KEFJ"
1984,30703,"KEFJ"
1985,35758,"KEFJ"
1986,54296,"KEFJ"
1987,60428,"KEFJ"
1988,59017,"KEFJ"
1989,75557,"KEFJ"
1990,66115,"KEFJ"
1991,107041,"KEFJ"
1992,108130,"KEFJ"
1993,189712,"KEFJ"
1994,209516,"KEFJ"
1995,230657,"KEFJ"
1996,274034,"KEFJ"
1997,306164,"KEFJ"
1998,263948,"KEFJ"
1999,290673,"KEFJ"
2000,254790,"KEFJ"
2001,262353,"KEFJ"
2002,251799,"KEFJ"
2003,243719,"KEFJ"
2004,244232,"KEFJ"
2005,258297,"KEFJ"
2006,251630,"KEFJ"
2007,284604,"KEFJ"
2008,272190,"KEFJ"
2009,218358,"KEFJ"
2010,297596,"KEFJ"
2011,346852,"KEFJ"
2012,281279,"KEFJ"
2013,283502,"KEFJ"
2014,270666,"KEFJ"
2015,296697,"KEFJ"
2016,346534,"KEFJ"
2017,303598,"KEFJ"
2018,321596,"KEFJ"
2019,356601,"KEFJ"
2020,115882,"KEFJ"
2021,411782,"KEFJ"
2022,389943,"KEFJ"
2023,387525,"KEFJ"
2024,419468,"KEFJ"
1979,804175,"KICA"
1980,819065,"KICA"
1981,776850,"KICA"
1982,831044,"KICA"
1983,765755,"KICA"
1984,937262,"KICA"
1985,874456,"KICA"
1986,1028785,"KICA"
1987,1081172,"KICA"
1988,1007695,"KICA"
1989,1037349,"KICA"
1990,1062867,"KICA"
1991,1071022,"KICA"
1992,637446,"KICA"
1993,636515,"KICA"
1994,725930,"KICA"
1995,832794,"KICA"
1996,502749,"KICA"
1997,484718,"KICA"
1998,540212,"KICA"
1999,559534,"KICA"
2000,528987,"KICA"
2001,541787,"KICA"
2002,545420,"KICA"
2003,555987,"KICA"
2004,525035,"KICA"
2005,594893,"KICA"
2006,552766,"KICA"
2007,580129,"KICA"
2008,574870,"KICA"
2009,609296,"KICA"
2010,598205,"KICA"
2011,566810,"KICA"
2012,591033,"KICA"
2013,567544,"KICA"
2014,502268,"KICA"
2015,468106,"KICA"
2016,607479,"KICA"
2017,692932,"KICA"
2018,699023,"KICA"
2019,632110,"KICA"
2020,415077,"KICA"
2021,562918,"KICA"
2022,640986,"KICA"
2023,643065,"KICA"
2024,699389,"KICA"
1982,3775,"KOVA"
1983,2365,"KOVA"
1984,1075,"KOVA"
1985,1305,"KOVA"
1986,1085,"KOVA"
1987,230,"KOVA"
1988,2275,"KOVA"
1989,1970,"KOVA"
1990,2586,"KOVA"
1991,2795,"KOVA"
1992,2829,"KOVA"
1993,2816,"KOVA"
1994,2781,"KOVA"
1995,2781,"KOVA"
1996,2781,"KOVA"
1997,2781,"KOVA"
1998,5550,"KOVA"
1999,6309,"KOVA"
2000,2646,"KOVA"
2001,4217,"KOVA"
2002,4046,"KOVA"
2003,4006,"KOVA"
2004,4744,"KOVA"
2005,5037,"KOVA"
2006,3005,"KOVA"
2007,847,"KOVA"
2008,1565,"KOVA"
2009,1879,"KOVA"
2010,3164,"KOVA"
2011,11485,"KOVA"
2012,29550,"KOVA"
2013,16875,"KOVA"
2014,0,"KOVA"
2015,0,"KOVA"
2016,15500,"KOVA"
2017,15500,"KOVA"
2018,14937,"KOVA"
2019,15766,"KOVA"
2020,11185,"KOVA"
2021,11540,"KOVA"
2022,16925,"KOVA"
2023,17616,"KOVA"
2024,17233,"KOVA"
1982,10440,"LACL"
1983,12332,"LACL"
1984,12505,"LACL"
1985,12701,"LACL"
1986,13611,"LACL"
1987,16418,"LACL"
1988,18863,"LACL"
1989,14879,"LACL"
1990,10196,"LACL"
1991,4133,"LACL"
1992,9233,"LACL"
1993,12153,"LACL"
1994,12143,"LACL"
1995,12698,"LACL"
1996,12727,"LACL"
1997,9173,"LACL"
1998,11335,"LACL"
1999,6190,"LACL"
2000,6493,"LACL"
2001,4397,"LACL"
2002,4325,"LACL"
2003,4505,"LACL"
2004,4906,"LACL"
2005,5408,"LACL"
2006,5320,"LACL"
2007,5549,"LACL"
2008,6802,"LACL"
2009,9711,"LACL"
2010,9931,"LACL"
2011,5158,"LACL"
2012,11639,"LACL"
2013,13000,"LACL"
2014,16100,"LACL"
2015,17818,"LACL"
2016,21102,"LACL"
2017,22755,"LACL"
2018,14479,"LACL"
2019,17157,"LACL"
2020,4948,"LACL"
2021,18278,"LACL"
2022,18187,"LACL"
2023,16728,"LACL"
2024,18505,"LACL"
1979,380014,"LAVO"
1980,394425,"LAVO"
1981,415045,"LAVO"
1982,414859,"LAVO"
1983,429867,"LAVO"
1984,463275,"LAVO"
1985,451497,"LAVO"
1986,439723,"LAVO"
1987,472431,"LAVO"
1988,495628,"LAVO"
1989,466115,"LAVO"
1990,460917,"LAVO"
1991,463179,"LAVO"
1992,468011,"LAVO"
1993,434264,"LAVO"
1994,385489,"LAVO"
1995,351001,"LAVO"
1996,351632,"LAVO"
1997,391816,"LAVO"
1998,318049,"LAVO"
1999,353756,"LAVO"
2000,374911,"LAVO"
2001,376695,"LAVO"
2002,388149,"LAVO"
2003,404384,"LAVO"
2004,379667,"LAVO"
2005,365535,"LAVO"
2006,388741,"LAVO"
2007,395057,"LAVO"
2008,377361,"LAVO"
2009,365639,"LAVO"
2010,384570,"LAVO"
2011,351269,"LAVO"
2012,407653,"LAVO"
2013,427409,"LAVO"
2014,432977,"LAVO"
2015,468092,"LAVO"
2016,536068,"LAVO"
2017,507256,"LAVO"
2018,499435,"LAVO"
2019,517039,"LAVO"
2020,542274,"LAVO"
2021,359635,"LAVO"
2022,446291,"LAVO"
2023,418978,"LAVO"
2024,357651,"LAVO"
1979,1384910,"MACA"
1980,1495787,"MACA"
1981,1404317,"MACA"
1982,1526676,"MACA"
1983,1498503,"MACA"
1984,1501450,"MACA"
1985,1507939,"MACA"
1986,1646673,"MACA"
1987,1636340,"MACA"
1988,1735610,"MACA"
1989,1672840,"MACA"
1990,1924538,"MACA"
1991,2158195,"MACA"
1992,2392858,"MACA"
1993,2396234,"MACA"
1994,2009935,"MACA"
1995,1935709,"MACA"
1996,1896829,"MACA"
1997,1997658,"MACA"
1998,2113992,"MACA"
1999,1710983,"MACA"
2000,1749268,"MACA"
2001,1883580,"MACA"
2002,1891307,"MACA"
2003,1869137,"MACA"
2004,1888267,"MACA"
2005,1878006,"MACA"
2006,597934,"MACA"
2007,487305,"MACA"
2008,446174,"MACA"
2009,503856,"MACA"
2010,497225,"MACA"
2011,483319,"MACA"
2012,508054,"MACA"
2013,494541,"MACA"
2014,522628,"MACA"
2015,566895,"MACA"
2016,586514,"MACA"
2017,587853,"MACA"
2018,533206,"MACA"
2019,551590,"MACA"
2020,290392,"MACA"
2021,515774,"MACA"
2022,663147,"MACA"
2023,654450,"MACA"
2024,747042,"MACA"
1979,473715,"MEVE"
1980,539257,"MEVE"
1981,588608,"MEVE"
1982,602968,"MEVE"
1983,604115,"MEVE"
1984,516865,"MEVE"
1985,656271,"MEVE"
1986,658888,"MEVE"
1987,728566,"MEVE"
1988,772183,"MEVE"
1989,600045,"MEVE"
1990,611375,"MEVE"
1991,678075,"MEVE"
1992,742080,"MEVE"
1993,666054,"MEVE"
1994,685031,"MEVE"
1995,663794,"MEVE"
1996,617360,"MEVE"
1997,627720,"MEVE"
1998,604556,"MEVE"
1999,635736,"MEVE"
2000,452287,"MEVE"
2001,513409,"MEVE"
2002,406385,"MEVE"
2003,438590,"MEVE"
2004,446811,"MEVE"
2005,498333,"MEVE"
2006,557248,"MEVE"
2007,541102,"MEVE"
2008,551446,"MEVE"
2009,550377,"MEVE"
2010,559712,"MEVE"
2011,572329,"MEVE"
2012,488860,"MEVE"
2013,460237,"MEVE"
2014,501563,"MEVE"
2015,547325,"MEVE"
2016,583527,"MEVE"
2017,613788,"MEVE"
2018,563420,"MEVE"
2019,556203,"MEVE"
2020,287477,"MEVE"
2021,548477,"MEVE"
2022,499790,"MEVE"
2023,505194,"MEVE"
2024,480065,"MEVE"
1979,1516703,"MORA"
1980,1268256,"MORA"
1981,1233671,"MORA"
1982,1007300,"MORA"
1983,1106306,"MORA"
1984,1152411,"MORA"
1985,1165640,"MORA"
1986,1298457,"MORA"
1987,1292027,"MORA"
1988,1255618,"MORA"
1989,1354302,"MORA"
1990,1327101,"MORA"
1991,1549412,"MORA"
1992,1522057,"MORA"
1993,1365213,"MORA"
1994,1426244,"MORA"
1995,1438227,"MORA"
1996,1338961,"MORA"
1997,1315773,"MORA"
1998,1353793,"MORA"
1999,1291397,"MORA"
2000,1344833,"MORA"
2001,1301103,"MORA"
2002,1310390,"MORA"
2003,1262351,"MORA"
2004,1217750,"MORA"
2005,1173897,"MORA"
2006,1113601,"MORA"
2007,1047685,"MORA"
2008,1163227,"MORA"
2009,1151654,"MORA"
2010,1191754,"MORA"
2011,1038229,"MORA"
2012,1049178,"MORA"
2013,1148552,"MORA"
2014,1264259,"MORA"
2015,1237231,"MORA"
2016,1356913,"MORA"
2017,1415867,"MORA"
2018,1518491,"MORA"
2019,1501621,"MORA"
2020,1160754,"MORA"
2021,1670063,"MORA"
2022,1622395,"MORA"
2023,1674294,"MORA"
2024,1620006,"MORA"
1984,231295,"NERI"
1985,263021,"NERI"
1986,394079,"NERI"
1987,436791,"NERI"
1988,399722,"NERI"
1989,411195,"NERI"
1990,378035,"NERI"
1991,772172,"NERI"
1992,940310,"NERI"
1993,1005598,"NERI"
1994,1079994,"NERI"
1995,1177238,"NERI"
1996,1237637,"NERI"
1997,1228242,"NERI"
1998,1197649,"NERI"
1999,1186501,"NERI"
2000,1132531,"NERI"
2001,1231529,"NERI"
2002,1215875,"NERI"
2003,1111164,"NERI"
2004,1151782,"NERI"
2005,1045814,"NERI"
2006,1124688,"NERI"
2007,1178012,"NERI"
2008,1212854,"NERI"
2009,1144318,"NERI"
2010,1151213,"NERI"
2011,1071088,"NERI"
2012,1128195,"NERI"
2013,1071823,"NERI"
2014,1124799,"NERI"
2015,1178753,"NERI"
2016,1197931,"NERI"
2017,1168658,"NERI"
2018,1232627,"NERI"
2019,1195721,"NERI"
2020,1054374,"NERI"
2021,1682720,"NERI"
2022,1593523,"NERI"
2023,1707223,"NERI"
2024,1811937,"NERI"
1979,742997,"NOCA"
1979,742997,"NCCO"
1980,796079,"NOCA"
1980,796079,"NCCO"
1981,829026,"NOCA"
1981,829026,"NCCO"
1982,857016,"NOCA"
1982,857016,"NCCO"
1983,858041,"NOCA"
1983,858041,"NCCO"
1984,637836,"NOCA"
1984,637836,"NCCO"
1985,629234,"NOCA"
1985,629234,"NCCO"
1986,683056,"NOCA"
1986,683056,"NCCO"
1987,651606,"NOCA"
1987,651606,"NCCO"
1988,605967,"NOCA"
1988,605967,"NCCO"
1989,391433,"NOCA"
1989,391433,"NCCO"
1990,456444,"NOCA"
1990,456444,"NCCO"
1991,22796,"NOCA"
1991,22796,"NCCO"
1992,20295,"NOCA"
1992,20295,"NCCO"
1993,21378,"NOCA"
1993,21378,"NCCO"
1994,19323,"NOCA"
1994,19323,"NCCO"
1995,65984,"NOCA"
1995,65984,"NCCO"
1996,27910,"NOCA"
1996,27910,"NCCO"
1997,27203,"NOCA"
1997,27203,"NCCO"
1998,32753,"NOCA"
1998,32753,"NCCO"
1999,21488,"NOCA"
1999,21488,"NCCO"
2000,25704,"NOCA"
2000,25704,"NCCO"
2001,27739,"NOCA"
2001,27739,"NCCO"
2002,20691,"NOCA"
2002,20691,"NCCO"
2003,20724,"NOCA"
2003,20724,"NCCO"
2004,16912,"NOCA"
2004,16912,"NCCO"
2005,18686,"NOCA"
2005,18686,"NCCO"
2006,19167,"NOCA"
2006,19167,"NCCO"
2007,19534,"NOCA"
2007,19534,"NCCO"
2008,18725,"NOCA"
2008,18725,"NCCO"
2009,26972,"NOCA"
2009,26972,"NCCO"
2010,24659,"NOCA"
2010,24659,"NCCO"
2011,19208,"NOCA"
2011,19208,"NCCO"
2012,26935,"NOCA"
2012,26935,"NCCO"
2013,21623,"NOCA"
2013,21623,"NCCO"
2014,23865,"NOCA"
2014,23865,"NCCO"
2015,20677,"NOCA"
2015,20677,"NCCO"
2016,28646,"NOCA"
2016,28646,"NCCO"
2017,30326,"NOCA"
2017,30326,"NCCO"
2018,30085,"NOCA"
2018,30085,"NCCO"
2019,38208,"NOCA"
2019,38208,"NCCO"
2020,30885,"NOCA"
2020,30885,"NCCO"
2021,17855,"NOCA"
2021,17855,"NCCO"
2022,30154,"NOCA"
2022,30154,"NCCO"
2023,40351,"NOCA"
2023,40351,"NCCO"
2024,16485,"NOCA"
2024,16485,"NCCO"
1979,2078843,"OLYM"
1980,2032418,"OLYM"
1981,2306032,"OLYM"
1982,2478739,"OLYM"
1983,2410722,"OLYM"
1984,2759011,"OLYM"
1985,2532145,"OLYM"
1986,2940034,"OLYM"
1987,2822850,"OLYM"
1988,2959122,"OLYM"
1989,2737611,"OLYM"
1990,2794903,"OLYM"
1991,2759673,"OLYM"
1992,3030195,"OLYM"
1993,2679598,"OLYM"
1994,3381573,"OLYM"
1995,3658615,"OLYM"
1996,3348723,"OLYM"
1997,3846709,"OLYM"
1998,3577007,"OLYM"
1999,3364266,"OLYM"
2000,3327722,"OLYM"
2001,3416069,"OLYM"
2002,3691310,"OLYM"
2003,3225327,"OLYM"
2004,3073722,"OLYM"
2005,3142774,"OLYM"
2006,2749197,"OLYM"
2007,2988686,"OLYM"
2008,3081451,"OLYM"
2009,3276459,"OLYM"
2010,2844563,"OLYM"
2011,2966502,"OLYM"
2012,2824908,"OLYM"
2013,3085340,"OLYM"
2014,3243872,"OLYM"
2015,3263761,"OLYM"
2016,3390221,"OLYM"
2017,3401996,"OLYM"
2018,3104455,"OLYM"
2019,3245806,"OLYM"
2020,2499177,"OLYM"
2021,2718925,"OLYM"
2022,2432972,"OLYM"
2023,2947503,"OLYM"
2024,3717267,"OLYM"
1979,671583,"PEFO"
1980,683121,"PEFO"
1981,747832,"PEFO"
1982,710619,"PEFO"
1983,708512,"PEFO"
1984,714761,"PEFO"
1985,736659,"PEFO"
1986,761257,"PEFO"
1987,758082,"PEFO"
1988,857031,"PEFO"
1989,824141,"PEFO"
1990,844592,"PEFO"
1991,874521,"PEFO"
1992,930031,"PEFO"
1993,936429,"PEFO"
1994,922927,"PEFO"
1995,935065,"PEFO"
1996,829495,"PEFO"
1997,823266,"PEFO"
1998,816506,"PEFO"
1999,666978,"PEFO"
2000,605192,"PEFO"
2001,583904,"PEFO"
2002,571586,"PEFO"
2003,586245,"PEFO"
2004,580000,"PEFO"
2005,598378,"PEFO"
2006,581681,"PEFO"
2007,563590,"PEFO"
2008,543714,"PEFO"
2009,631613,"PEFO"
2010,664725,"PEFO"
2011,614054,"PEFO"
2012,664857,"PEFO"
2013,644648,"PEFO"
2014,836799,"PEFO"
2015,793225,"PEFO"
2016,643274,"PEFO"
2017,627757,"PEFO"
2018,644922,"PEFO"
2019,643588,"PEFO"
2020,384483,"PEFO"
2021,590334,"PEFO"
2022,505209,"PEFO"
2023,520491,"PEFO"
2024,559254,"PEFO"
1979,153717,"PINN"
1980,163626,"PINN"
1981,155205,"PINN"
1982,171026,"PINN"
1983,170631,"PINN"
1984,166258,"PINN"
1985,191578,"PINN"
1986,198236,"PINN"
1987,204705,"PINN"
1988,212094,"PINN"
1989,218601,"PINN"
1990,214268,"PINN"
1991,192610,"PINN"
1992,191683,"PINN"
1993,194757,"PINN"
1994,172642,"PINN"
1995,177527,"PINN"
1996,164465,"PINN"
1997,171971,"PINN"
1998,94639,"PINN"
1999,164854,"PINN"
2000,162110,"PINN"
2001,178243,"PINN"
2002,162266,"PINN"
2003,162791,"PINN"
2004,157397,"PINN"
2005,170994,"PINN"
2006,158824,"PINN"
2007,161019,"PINN"
2008,166988,"PINN"
2009,171112,"PINN"
2010,246575,"PINN"
2011,393219,"PINN"
2012,224476,"PINN"
2013,237677,"PINN"
2014,196635,"PINN"
2015,206533,"PINN"
2016,215555,"PINN"
2017,233334,"PINN"
2018,222152,"PINN"
2019,177224,"PINN"
2020,165740,"PINN"
2021,348857,"PINN"
2022,275023,"PINN"
2023,341220,"PINN"
2024,354076,"PINN"
1979,413917,"REDW"
1980,471710,"REDW"
1981,549461,"REDW"
1982,467126,"REDW"
1983,473711,"REDW"
1984,467155,"REDW"
1985,505791,"REDW"
1986,567849,"REDW"
1987,610897,"REDW"
1988,677135,"REDW"
1989,654115,"REDW"
1990,348458,"REDW"
1991,366280,"REDW"
1992,387781,"REDW"
1993,421027,"REDW"
1994,475033,"REDW"
1995,552464,"REDW"
1996,426938,"REDW"
1997,382488,"REDW"
1998,383188,"REDW"
1999,369726,"REDW"
2000,383253,"REDW"
2001,388352,"REDW"
2002,404789,"REDW"
2003,408126,"REDW"
2004,392029,"REDW"
2005,394144,"REDW"
2006,383780,"REDW"
2007,385171,"REDW"
2008,396899,"REDW"
2009,444426,"REDW"
2010,418820,"REDW"
2011,380167,"REDW"
2012,352517,"REDW"
2013,393364,"REDW"
2014,429166,"REDW"
2015,527143,"REDW"
2016,536297,"REDW"
2017,445000,"REDW"
2018,482536,"REDW"
2019,504722,"REDW"
2020,265177,"REDW"
2021,435879,"REDW"
2022,458400,"REDW"
2023,409105,"REDW"
2024,622883,"REDW"
1979,2568530,"ROMO"
1980,2641937,"ROMO"
1981,2911242,"ROMO"
1982,2564116,"ROMO"
1983,2599006,"ROMO"
1984,2231448,"ROMO"
1985,2248854,"ROMO"
1986,2408234,"ROMO"
1987,2531864,"ROMO"
1988,2544211,"ROMO"
1989,2502915,"ROMO"
1990,2647323,"ROMO"
1991,2751781,"ROMO"
1992,2788868,"ROMO"
1993,2780342,"ROMO"
1994,2968450,"ROMO"
1995,2878169,"ROMO"
1996,2923755,"ROMO"
1997,2965354,"ROMO"
1998,3035422,"ROMO"
1999,3186323,"ROMO"
2000,3185392,"ROMO"
2001,3139685,"ROMO"
2002,2988475,"ROMO"
2003,3067256,"ROMO"
2004,2781899,"ROMO"
2005,2798368,"ROMO"
2006,2743676,"ROMO"
2007,2895383,"ROMO"
2008,2757390,"ROMO"
2009,2822325,"ROMO"
2010,2955821,"ROMO"
2011,3176941,"ROMO"
2012,3229617,"ROMO"
2013,2991141,"ROMO"
2014,3434751,"ROMO"
2015,4155916,"ROMO"
2016,4517585,"ROMO"
2017,4437215,"ROMO"
2018,4590493,"ROMO"
2019,4670053,"ROMO"
2020,3305199,"ROMO"
2021,4434848,"ROMO"
2022,4300424,"ROMO"
2023,4115837,"ROMO"
2024,4154349,"ROMO"
1979,566486,"SAGU"
1980,611317,"SAGU"
1981,470598,"SAGU"
1982,566807,"SAGU"
1983,634688,"SAGU"
1984,699292,"SAGU"
1985,636711,"SAGU"
1986,613651,"SAGU"
1987,689933,"SAGU"
1988,675397,"SAGU"
1989,706191,"SAGU"
1990,702328,"SAGU"
1991,679034,"SAGU"
1992,810059,"SAGU"
1993,828267,"SAGU"
1994,768685,"SAGU"
1995,732813,"SAGU"
1996,671643,"SAGU"
1997,739410,"SAGU"
1998,716160,"SAGU"
1999,749014,"SAGU"
2000,765195,"SAGU"
2001,725874,"SAGU"
2002,615045,"SAGU"
2003,643697,"SAGU"
2004,651464,"SAGU"
2005,727208,"SAGU"
2006,619983,"SAGU"
2007,658477,"SAGU"
2008,699137,"SAGU"
2009,665234,"SAGU"
2010,717614,"SAGU"
2011,610045,"SAGU"
2012,634286,"SAGU"
2013,678261,"SAGU"
2014,673572,"SAGU"
2015,753446,"SAGU"
2016,820426,"SAGU"
2017,964760,"SAGU"
2018,957405,"SAGU"
2019,1020226,"SAGU"
2020,762226,"SAGU"
2021,1079786,"SAGU"
2022,908194,"SAGU"
2023,1010906,"SAGU"
2024,946369,"SAGU"
1979,799576,"SEKI"
1979,799576,"SEQU"
1980,862397,"SEKI"
1980,862397,"SEQU"
1981,1083002,"SEKI"
1981,1083002,"SEQU"
1982,1020500,"SEKI"
1982,1020500,"SEQU"
1983,854233,"SEKI"
1983,854233,"SEQU"
1984,979632,"SEKI"
1984,979632,"SEQU"
1985,939468,"SEKI"
1985,939468,"SEQU"
1986,1056527,"SEKI"
1986,1056527,"SEQU"
1987,1139389,"SEKI"
1987,1139389,"SEQU"
1988,1031129,"SEKI"
1988,1031129,"SEQU"
1989,1056020,"SEKI"
1989,1056020,"SEQU"
1990,1063538,"SEKI"
1990,1063538,"SEQU"
1991,1120278,"SEKI"
1991,1120278,"SEQU"
1992,961095,"SEKI"
1992,961095,"SEQU"
1993,1066552,"SEKI"
1993,1066552,"SEQU"
1994,1034133,"SEKI"
1994,1034133,"SEQU"
1995,844582,"SEKI"
1995,844582,"SEQU"
1996,838060,"SEKI"
1996,838060,"SEQU"
1997,1008931,"SEKI"
1997,1008931,"SEQU"
1998,861303,"SEKI"
1998,861303,"SEQU"
1999,873229,"SEKI"
1999,873229,"SEQU"
2000,838947,"SEKI"
2000,838947,"SEQU"
2001,870327,"SEKI"
2001,870327,"SEQU"
2002,920292,"SEKI"
2002,920292,"SEQU"
2003,979297,"SEKI"
2003,979297,"SEQU"
2004,1000177,"SEKI"
2004,1000177,"SEQU"
2005,1004843,"SEKI"
2005,1004843,"SEQU"
2006,954507,"SEKI"
2006,954507,"SEQU"
2007,979537,"SEKI"
2007,979537,"SEQU"
2008,930011,"SEKI"
2008,930011,"SEQU"
2009,965170,"SEKI"
2009,965170,"SEQU"
2010,1002979,"SEKI"
2010,1002979,"SEQU"
2011,1006583,"SEKI"
2011,1006583,"SEQU"
2012,1106584,"SEKI"
2012,1106584,"SEQU"
2013,909274,"SEKI"
2013,909274,"SEQU"
2014,1039137,"SEKI"
2014,1039137,"SEQU"
2015,1097464,"SEKI"
2015,1097464,"SEQU"
2016,1254688,"SEKI"
2016,1254688,"SEQU"
2017,1291256,"SEKI"
2017,1291256,"SEQU"
2018,1229594,"SEKI"
2018,1229594,"SEQU"
2019,1246053,"SEKI"
2019,1246053,"SEQU"
2020,796086,"SEKI"
2020,796086,"SEQU"
2021,1059548,"SEKI"
2021,1059548,"SEQU"
2022,1153198,"SEKI"
2022,1153198,"SEQU"
2023,980567,"SEKI"
2023,980567,"SEQU"
2024,1309573,"SEKI"
2024,1309573,"SEQU"
1979,1521451,"SHEN"
1980,1699228,"SHEN"
1981,1819546,"SHEN"
1982,1751972,"SHEN"
1983,1768378,"SHEN"
1984,1869307,"SHEN"
1985,1933085,"SHEN"
1986,1843985,"SHEN"
1987,1767727,"SHEN"
1988,1937155,"SHEN"
1989,1873817,"SHEN"
1990,1771780,"SHEN"
1991,1939486,"SHEN"
1992,1822193,"SHEN"
1993,1951366,"SHEN"
1994,1926883,"SHEN"
1995,1757794,"SHEN"
1996,1571019,"SHEN"
1997,1587790,"SHEN"
1998,1473100,"SHEN"
1999,1339286,"SHEN"
2000,1419579,"SHEN"
2001,1498561,"SHEN"
2002,1389244,"SHEN"
2003,1163950,"SHEN"
2004,1261000,"SHEN"
2005,1094912,"SHEN"
2006,1076150,"SHEN"
2007,1107227,"SHEN"
2008,1075878,"SHEN"
2009,1120981,"SHEN"
2010,1253386,"SHEN"
2011,1209883,"SHEN"
2012,1210200,"SHEN"
2013,1136505,"SHEN"
2014,1255321,"SHEN"
2015,1321873,"SHEN"
2016,1437341,"SHEN"
2017,1458874,"SHEN"
2018,1264880,"SHEN"
2019,1425507,"SHEN"
2020,1666265,"SHEN"
2021,1592312,"SHEN"
2022,1449300,"SHEN"
2023,1576008,"SHEN"
2024,1720211,"SHEN"
1979,591646,"THRO"
1980,595734,"THRO"
1981,702873,"THRO"
1982,677014,"THRO"
1983,415118,"THRO"
1984,361139,"THRO"
1985,377152,"THRO"
1986,390553,"THRO"
1987,424846,"THRO"
1988,413527,"THRO"
1989,459171,"THRO"
1990,460718,"THRO"
1991,468926,"THRO"
1992,475937,"THRO"
1993,475160,"THRO"
1994,505349,"THRO"
1995,460699,"THRO"
1996,436081,"THRO"
1997,393265,"THRO"
1998,448286,"THRO"
1999,431311,"THRO"
2000,431813,"THRO"
2001,446609,"THRO"
2002,471551,"THRO"
2003,490295,"THRO"
2004,474589,"THRO"
2005,493198,"THRO"
2006,435359,"THRO"
2007,456588,"THRO"
2008,516804,"THRO"
2009,586928,"THRO"
2010,623748,"THRO"
2011,563407,"THRO"
2012,640555,"THRO"
2013,545090,"THRO"
2014,559580,"THRO"
2015,580033,"THRO"
2016,753880,"THRO"
2017,708003,"THRO"
2018,749389,"THRO"
2019,691658,"THRO"
2020,551303,"THRO"
2021,796085,"THRO"
2022,668679,"THRO"
2023,746862,"THRO"
2024,732951,"THRO"
1979,549732,"VIIS"
1980,547918,"VIIS"
1981,566528,"VIIS"
1982,673480,"VIIS"
1983,676800,"VIIS"
1984,666435,"VIIS"
1985,699398,"VIIS"
1986,766458,"VIIS"
1987,785354,"VIIS"
1988,838684,"VIIS"
1989,664032,"VIIS"
1990,664735,"VIIS"
1991,710180,"VIIS"
1992,772470,"VIIS"
1993,807093,"VIIS"
1994,635291,"VIIS"
1995,536058,"VIIS"
1996,475942,"VIIS"
1997,592537,"VIIS"
1998,556849,"VIIS"
1999,425345,"VIIS"
2000,703992,"VIIS"
2001,677401,"VIIS"
2002,693494,"VIIS"
2003,821681,"VIIS"
2004,793590,"VIIS"
2005,803040,"VIIS"
2006,677289,"VIIS"
2007,571382,"VIIS"
2008,469034,"VIIS"
2009,415847,"VIIS"
2010,493477,"VIIS"
2011,442414,"VIIS"
2012,483341,"VIIS"
2013,438601,"VIIS"
2014,426930,"VIIS"
2015,438372,"VIIS"
2016,411343,"VIIS"
2017,304408,"VIIS"
2018,112287,"VIIS"
2019,133398,"VIIS"
2020,167540,"VIIS"
2021,323999,"VIIS"
2022,196752,"VIIS"
2023,343685,"VIIS"
2024,423029,"VIIS"
1979,195277,"VOYA"
1980,266935,"VOYA"
1981,257490,"VOYA"
1982,143724,"VOYA"
1983,146454,"VOYA"
1984,154723,"VOYA"
1985,183984,"VOYA"
1986,172137,"VOYA"
1987,201727,"VOYA"
1988,223735,"VOYA"
1989,209626,"VOYA"
1990,223554,"VOYA"
1991,221857,"VOYA"
1992,227498,"VOYA"
1993,228143,"VOYA"
1994,224181,"VOYA"
1995,210938,"VOYA"
1996,246588,"VOYA"
1997,223418,"VOYA"
1998,231958,"VOYA"
1999,228898,"VOYA"
2000,227371,"VOYA"
2001,243374,"VOYA"
2002,238227,"VOYA"
2003,234231,"VOYA"
2004,249041,"VOYA"
2005,234577,"VOYA"
2006,231875,"VOYA"
2007,220650,"VOYA"
2008,221585,"VOYA"
2009,222429,"VOYA"
2010,253891,"VOYA"
2011,177184,"VOYA"
2012,214841,"VOYA"
2013,233390,"VOYA"
2014,239160,"VOYA"
2015,238313,"VOYA"
2016,241912,"VOYA"
2017,237250,"VOYA"
2018,239656,"VOYA"
2019,232974,"VOYA"
2020,263091,"VOYA"
2021,243042,"VOYA"
2022,221434,"VOYA"
2023,220825,"VOYA"
2024,199030,"VOYA"
1979,580814,"WHSA"
1980,511476,"WHSA"
1981,556494,"WHSA"
1982,543581,"WHSA"
1983,492902,"WHSA"
1984,542930,"WHSA"
1985,486754,"WHSA"
1986,666879,"WHSA"
1987,567613,"WHSA"
1988,556185,"WHSA"
1989,568530,"WHSA"
1990,582487,"WHSA"
1991,588543,"WHSA"
1992,590371,"WHSA"
1993,611252,"WHSA"
1994,583061,"WHSA"
1995,604796,"WHSA"
1996,616699,"WHSA"
1997,629507,"WHSA"
1998,592957,"WHSA"
1999,553948,"WHSA"
2000,515229,"WHSA"
2001,518958,"WHSA"
2002,498964,"WHSA"
2003,492008,"WHSA"
2004,448185,"WHSA"
2005,450447,"WHSA"
2006,440927,"WHSA"
2007,437042,"WHSA"
2008,438511,"WHSA"
2009,471167,"WHSA"
2010,470921,"WHSA"
2011,428924,"WHSA"
2012,447385,"WHSA"
2013,490544,"WHSA"
2014,503660,"WHSA"
2015,497506,"WHSA"
2016,555793,"WHSA"
2017,612468,"WHSA"
2018,603008,"WHSA"
2019,608785,"WHSA"
2020,415383,"WHSA"
2021,782469,"WHSA"
2022,705127,"WHSA"
2023,729096,"WHSA"
2024,702236,"WHSA"
1979,457443,"WICA"
1980,473061,"WICA"
1981,503424,"WICA"
1982,467392,"WICA"
1983,503739,"WICA"
1984,536022,"WICA"
1985,477585,"WICA"
1986,483334,"WICA"
1987,563720,"WICA"
1988,578016,"WICA"
1989,561758,"WICA"
1990,586464,"WICA"
1991,597057,"WICA"
1992,660296,"WICA"
1993,537075,"WICA"
1994,871061,"WICA"
1995,805688,"WICA"
1996,781171,"WICA"
1997,832033,"WICA"
1998,849974,"WICA"
1999,761717,"WICA"
2000,668507,"WICA"
2001,650357,"WICA"
2002,810298,"WICA"
2003,874167,"WICA"
2004,593877,"WICA"
2005,612478,"WICA"
2006,591049,"WICA"
2007,603158,"WICA"
2008,573433,"WICA"
2009,587868,"WICA"
2010,577141,"WICA"
2011,538394,"WICA"
2012,529083,"WICA"
2013,516142,"WICA"
2014,547022,"WICA"
2015,612198,"WICA"
2016,617377,"WICA"
2017,619924,"WICA"
2018,656397,"WICA"
2019,615350,"WICA"
2020,448405,"WICA"
2021,709001,"WICA"
2022,607418,"WICA"
2023,592459,"WICA"
2024,489399,"WICA"
1982,14871,"WRST"
1983,18760,"WRST"
1984,22183,"WRST"
1985,23171,"WRST"
1986,26557,"WRST"
1987,29191,"WRST"
1988,31046,"WRST"
1989,33221,"WRST"
1990,35976,"WRST"
1991,38971,"WRST"
1992,42229,"WRST"
1993,45335,"WRST"
1994,50146,"WRST"
1995,54430,"WRST"
1996,31467,"WRST"
1997,31833,"WRST"
1998,27859,"WRST"
1999,29252,"WRST"
2000,28331,"WRST"
2001,28643,"WRST"
2002,40352,"WRST"
2003,43311,"WRST"
2004,57221,"WRST"
2005,56224,"WRST"
2006,50336,"WRST"
2007,61085,"WRST"
2008,65693,"WRST"
2009,59966,"WRST"
2010,73170,"WRST"
2011,65225,"WRST"
2012,87158,"WRST"
2013,69984,"WRST"
2014,74722,"WRST"
2015,80366,"WRST"
2016,79047,"WRST"
2017,68292,"WRST"
2018,79450,"WRST"
2019,74518,"WRST"
2020,16655,"WRST"
2021,50189,"WRST"
2022,65236,"WRST"
2023,78305,"WRST"
2024,81670,"WRST"
1979,1892908,"YELL"
1980,2000269,"YELL"
1981,2521831,"YELL"
1982,2368897,"YELL"
1983,2347242,"YELL"
1984,2222027,"YELL"
1985,2226159,"YELL"
1986,2363756,"YELL"
1987,2573194,"YELL"
1988,2182113,"YELL"
1989,2644442,"YELL"
1990,2823572,"YELL"
1991,2920537,"YELL"
1992,3144405,"YELL"
1993,2912193,"YELL"
1994,3046145,"YELL"
1995,3125285,"YELL"
1996,3012171,"YELL"
1997,2889513,"YELL"
1998,3120830,"YELL"
1999,3131381,"YELL"
2000,2838233,"YELL"
2001,2758526,"YELL"
2002,2973677,"YELL"
2003,3019375,"YELL"
2004,2868317,"YELL"
2005,2835651,"YELL"
2006,2870295,"YELL"
2007,3151343,"YELL"
2008,3066580,"YELL"
2009,3295187,"YELL"
2010,3640185,"YELL"
2011,3394326,"YELL"
2012,3447729,"YELL"
2013,3188030,"YELL"
2014,3513484,"YELL"
2015,4097710,"YELL"
2016,4257177,"YELL"
2017,4116524,"YELL"
2018,4115000,"YELL"
2019,4020288,"YELL"
2020,3806306,"YELL"
2021,4860242,"YELL"
2022,3290242,"YELL"
2023,4501382,"YELL"
2024,4744353,"YELL"
1979,2350782,"YOSE"
1980,2490282,"YOSE"
1981,2516893,"YOSE"
1982,2415587,"YOSE"
1983,2457464,"YOSE"
1984,2738467,"YOSE"
1985,2831952,"YOSE"
1986,2876717,"YOSE"
1987,3152275,"YOSE"
1988,3216681,"YOSE"
1989,3308159,"YOSE"
1990,3124939,"YOSE"
1991,3423101,"YOSE"
1992,3819518,"YOSE"
1993,3839645,"YOSE"
1994,3962117,"YOSE"
1995,3958406,"YOSE"
1996,4046207,"YOSE"
1997,3669970,"YOSE"
1998,3657132,"YOSE"
1999,3493607,"YOSE"
2000,3400903,"YOSE"
2001,3368731,"YOSE"
2002,3361867,"YOSE"
2003,3378664,"YOSE"
2004,3280911,"YOSE"
2005,3304144,"YOSE"
2006,3242644,"YOSE"
2007,3503428,"YOSE"
2008,3431514,"YOSE"
2009,3737472,"YOSE"
2010,3901408,"YOSE"
2011,3951393,"YOSE"
2012,3853404,"YOSE"
2013,3691191,"YOSE"
2014,3882642,"YOSE"
2015,4150217,"YOSE"
2016,5028868,"YOSE"
2017,4336890,"YOSE"
2018,4009436,"YOSE"
2019,4422861,"YOSE"
2020,2268313,"YOSE"
2021,3287595,"YOSE"
2022,3667550,"YOSE"
2023,3897070,"YOSE"
2024,4121807,"YOSE"
1979,1040528,"ZION"
1980,1123846,"ZION"
1981,1288808,"ZION"
1982,1246290,"ZION"
1983,1273030,"ZION"
1984,1377254,"ZION"
1985,1503272,"ZION"
1986,1670503,"ZION"
1987,1777619,"ZION"
1988,1948332,"ZION"
1989,1998856,"ZION"
1990,2102400,"ZION"
1991,2236997,"ZION"
1992,2390626,"ZION"
1993,2392580,"ZION"
1994,2270871,"ZION"
1995,2430162,"ZION"
1996,2498001,"ZION"
1997,2445534,"ZION"
1998,2370048,"ZION"
1999,2449664,"ZION"
2000,2432348,"ZION"
2001,2217779,"ZION"
2002,2592545,"ZION"
2003,2458792,"ZION"
2004,2677342,"ZION"
2005,2586665,"ZION"
2006,2567350,"ZION"
2007,2657281,"ZION"
2008,2690154,"ZION"
2009,2735402,"ZION"
2010,2665972,"ZION"
2011,2825505,"ZION"
2012,2973607,"ZION"
2013,2807387,"ZION"
2014,3189696,"ZION"
2015,3648846,"ZION"
2016,4295127,"ZION"
2017,4504812,"ZION"
2018,4320033,"ZION"
2019,4488268,"ZION"
2020,3591254,"ZION"
2021,5039835,"ZION"
2022,4692417,"ZION"
2023,4623238,"ZION"
2024,4946592,"ZION"
